Discount ${discount} For All Orders Over ${price}, Remise de ${discount} pour toutes les commandes de plus de ${price}.
Please select, Veuillez sélectionner
The page you requested does not exist., La page que vous avez demandée n'existe pas.
Continue shopping, Continuer vos achats
Continue Shopping, Continuer vos achats
CONTINUE SHOPPING, CONTINUER VOS ACHATS
404 Page Not Found, 404 Page non trouvée
Home, Accueil
Not found, Non trouvé
Page not found, Page non trouvée
Error, Erreur
Welcome to our store!, Bienvenue dans notre boutique !
Go to Login, Aller à la connexion
Join us for exclusive offers and order tracking, Rejoignez-nous pour des offres exclusives et le suivi de commande
